[{"__type__":"cc.SpriteFrame","content":{"name":"rounded_square","texture":"4c12H5GQZAt4ch4Y2rxqA7","rect":[1,1,254,254],"offset":[0,0],"originalSize":[256,256],"capInsets":[40,40,40,40]}},[{"__type__":"cc.SceneAsset","_name":"helloworld","scene":{"__id__":1},"asyncLoadAssets":null},{"__type__":"cc.Scene","_name":"New Node","_children":[{"__id__":2}],"_anchorPoint":{"__type__":"cc.Vec2"},"autoReleaseAssets":false},{"__type__":"cc.Node","_name":"Canvas","_parent":{"__id__":1},"_children":[{"__id__":3},{"__id__":4},{"__id__":5},{"__id__":7}],"_components":[{"__type__":"cc.Canvas","node":{"__id__":2},"_designResolution":{"__type__":"cc.Size","width":640,"height":960},"_fitWidth":true,"_fitHeight":false},{"__type__":"280c3rsZJJKnZ9RqbALVwtK","node":{"__id__":2},"_enabled":false,"label":{"__id__":6}}],"_id":"a286bbGknJLZpRpxROV6M94","_contentSize":{"__type__":"cc.Size","width":640,"height":960},"_position":{"__type__":"cc.Vec2","x":320,"y":480}},{"__type__":"cc.Node","_name":"background","_parent":{"__id__":2},"_components":[{"__type__":"cc.Widget","node":{"__id__":3},"_alignFlags":45,"_originalWidth":200,"_originalHeight":600.8},{"__type__":"cc.Sprite","node":{"__id__":3},"_spriteFrame":{"__uuid__":"2cNKzUJBtOApg0hzAF2adg"},"_type":1,"_sizeMode":0}],"_color":{"__type__":"cc.Color","r":201,"g":23,"b":151},"_contentSize":{"__type__":"cc.Size","width":640,"height":960}},{"__type__":"cc.Node","_name":"cocos","_parent":{"__id__":2},"_active":false,"_components":[{"__type__":"cc.Sprite","node":{"__id__":4},"_spriteFrame":{"__uuid__":"31vIlawANFZqnzLlSuHBfc"}}],"_contentSize":{"__type__":"cc.Size","width":195,"height":270},"_position":{"__type__":"cc.Vec2","y":50}},{"__type__":"cc.Node","_name":"label","_parent":{"__id__":2},"_active":false,"_components":[{"__id__":6}],"_contentSize":{"__type__":"cc.Size","width":147,"height":60},"_position":{"__type__":"cc.Vec2","y":-180}},{"__type__":"cc.Label","node":{"__id__":5},"_useOriginalSize":false,"_actualFontSize":60,"_fontSize":60,"_lineHeight":60,"_N$horizontalAlign":1,"_N$verticalAlign":1},{"__type__":"cc.Node","_name":"Buttons","_parent":{"__id__":2},"_children":[{"__id__":8},{"__id__":11},{"__id__":14},{"__id__":17},{"__id__":20},{"__id__":23},{"__id__":26},{"__id__":29},{"__id__":32}],"_components":[{"__type__":"cc.Layout","node":{"__id__":7},"_layoutSize":{"__type__":"cc.Size","width":640,"height":640},"_resize":2,"_N$layoutType":3,"_N$cellSize":{"__type__":"cc.Size","width":186,"height":186},"_N$paddingLeft":20,"_N$paddingRight":20,"_N$paddingTop":20,"_N$paddingBottom":20,"_N$spacingX":20,"_N$spacingY":20},{"__type__":"cc.Widget","node":{"__id__":7},"_alignFlags":40,"_originalWidth":674.3666667}],"_contentSize":{"__type__":"cc.Size","width":640,"height":640}},{"__type__":"cc.Node","_name":"Button 1","_parent":{"__id__":7},"_children":[{"__id__":9}],"_components":[{"__type__":"cc.Widget","node":{"__id__":8},"_left":860,"_right":-100,"_top":-300.4,"_bottom":339.6,"_originalWidth":200,"_originalHeight":600.8},{"__type__":"cc.Sprite","node":{"__id__":8},"_spriteFrame":{"__uuid__":"2cNKzUJBtOApg0hzAF2adg"},"_type":1,"_sizeMode":0},{"__type__":"cc.Button","node":{"__id__":8},"clickEvents":[{"__type__":"cc.ClickEvent","target":{"__id__":8},"component":"Light","handler":"trigger"}],"_N$target":{"__id__":8}},{"__type__":"54a2c6aUJNMKJYw7lhK0gQ7","node":{"__id__":8},"sound":"/Users/jquentin/Documents/CocosHelloWorld/assets/Audio/Banjo/1-c3.wav","fire":{"__id__":10}}],"_color":{"__type__":"cc.Color","r":27,"g":34,"b":105},"_contentSize":{"__type__":"cc.Size","width":186,"height":186},"_position":{"__type__":"cc.Vec2","x":-207,"y":207}},{"__type__":"cc.Node","_name":"Mask","_parent":{"__id__":8},"_children":[{"__id__":10}],"_components":[{"__type__":"cc.Widget","node":{"__id__":9},"_alignFlags":45,"_left":2,"_right":2,"_top":2,"_bottom":2},{"__type__":"cc.Mask","node":{"__id__":9},"_type":2,"_N$spriteFrame":{"__uuid__":"2cNKzUJBtOApg0hzAF2adg"},"_N$alphaThreshold":0}],"_contentSize":{"__type__":"cc.Size","width":182,"height":182}},{"__type__":"cc.Node","_name":"Fire","_parent":{"__id__":9},"_components":[{"__type__":"cc.Widget","node":{"__id__":10},"_alignFlags":45,"_left":1,"_right":1,"_top":1,"_bottom":1},{"__type__":"cc.Sprite","node":{"__id__":10},"_spriteFrame":{"__uuid__":"casCKuIfpHCqaPkXmsYT6V"},"_sizeMode":0}],"_contentSize":{"__type__":"cc.Size","width":180,"height":180}},{"__type__":"cc.Node","_name":"Button 2","_parent":{"__id__":7},"_children":[{"__id__":12}],"_components":[{"__type__":"cc.Widget","node":{"__id__":11},"_left":860,"_right":-100,"_top":-300.4,"_bottom":339.6,"_originalWidth":200,"_originalHeight":600.8},{"__type__":"cc.Sprite","node":{"__id__":11},"_spriteFrame":{"__uuid__":"2cNKzUJBtOApg0hzAF2adg"},"_type":1,"_sizeMode":0},{"__type__":"cc.Button","node":{"__id__":11},"clickEvents":[{"__type__":"cc.ClickEvent","target":{"__id__":11},"component":"Light","handler":"trigger"}],"_N$target":{"__id__":11}},{"__type__":"54a2c6aUJNMKJYw7lhK0gQ7","node":{"__id__":11},"sound":"/Users/jquentin/Documents/CocosHelloWorld/assets/Audio/Banjo/2-d3.wav","fire":{"__id__":13}}],"_color":{"__type__":"cc.Color","r":27,"g":34,"b":105},"_contentSize":{"__type__":"cc.Size","width":186,"height":186},"_position":{"__type__":"cc.Vec2","x":-1,"y":207}},{"__type__":"cc.Node","_name":"Mask","_parent":{"__id__":11},"_children":[{"__id__":13}],"_components":[{"__type__":"cc.Widget","node":{"__id__":12},"_alignFlags":45,"_left":3,"_right":3,"_top":3,"_bottom":3},{"__type__":"cc.Mask","node":{"__id__":12},"_type":2,"_N$spriteFrame":{"__uuid__":"2cNKzUJBtOApg0hzAF2adg"},"_N$alphaThreshold":0}],"_contentSize":{"__type__":"cc.Size","width":180,"height":180}},{"__type__":"cc.Node","_name":"Fire","_parent":{"__id__":12},"_components":[{"__type__":"cc.Widget","node":{"__id__":13},"_alignFlags":45},{"__type__":"cc.Sprite","node":{"__id__":13},"_spriteFrame":{"__uuid__":"casCKuIfpHCqaPkXmsYT6V"},"_sizeMode":0}],"_contentSize":{"__type__":"cc.Size","width":180,"height":180}},{"__type__":"cc.Node","_name":"Button 3","_parent":{"__id__":7},"_children":[{"__id__":15}],"_components":[{"__type__":"cc.Widget","node":{"__id__":14},"_left":860,"_right":-100,"_top":-300.4,"_bottom":339.6,"_originalWidth":200,"_originalHeight":600.8},{"__type__":"cc.Sprite","node":{"__id__":14},"_spriteFrame":{"__uuid__":"2cNKzUJBtOApg0hzAF2adg"},"_type":1,"_sizeMode":0},{"__type__":"cc.Button","node":{"__id__":14},"clickEvents":[{"__type__":"cc.ClickEvent","target":{"__id__":14},"component":"Light","handler":"trigger"}],"_N$target":{"__id__":14}},{"__type__":"54a2c6aUJNMKJYw7lhK0gQ7","node":{"__id__":14},"sound":"/Users/jquentin/Documents/CocosHelloWorld/assets/Audio/Banjo/3-e3.wav","fire":{"__id__":16}}],"_color":{"__type__":"cc.Color","r":27,"g":34,"b":105},"_contentSize":{"__type__":"cc.Size","width":186,"height":186},"_position":{"__type__":"cc.Vec2","x":205,"y":207}},{"__type__":"cc.Node","_name":"Mask","_parent":{"__id__":14},"_children":[{"__id__":16}],"_components":[{"__type__":"cc.Widget","node":{"__id__":15},"_alignFlags":45,"_left":2,"_right":2,"_top":2,"_bottom":2},{"__type__":"cc.Mask","node":{"__id__":15},"_type":2,"_N$spriteFrame":{"__uuid__":"2cNKzUJBtOApg0hzAF2adg"},"_N$alphaThreshold":0}],"_contentSize":{"__type__":"cc.Size","width":182,"height":182}},{"__type__":"cc.Node","_name":"Fire","_parent":{"__id__":15},"_components":[{"__type__":"cc.Widget","node":{"__id__":16},"_alignFlags":45},{"__type__":"cc.Sprite","node":{"__id__":16},"_spriteFrame":{"__uuid__":"casCKuIfpHCqaPkXmsYT6V"},"_sizeMode":0}],"_contentSize":{"__type__":"cc.Size","width":182,"height":182}},{"__type__":"cc.Node","_name":"Button 4","_parent":{"__id__":7},"_children":[{"__id__":18}],"_components":[{"__type__":"cc.Widget","node":{"__id__":17},"_left":860,"_right":-100,"_top":-300.4,"_bottom":339.6,"_originalWidth":200,"_originalHeight":600.8},{"__type__":"cc.Sprite","node":{"__id__":17},"_spriteFrame":{"__uuid__":"2cNKzUJBtOApg0hzAF2adg"},"_type":1,"_sizeMode":0},{"__type__":"cc.Button","node":{"__id__":17},"clickEvents":[{"__type__":"cc.ClickEvent","target":{"__id__":17},"component":"Light","handler":"trigger"}],"_N$target":{"__id__":17}},{"__type__":"54a2c6aUJNMKJYw7lhK0gQ7","node":{"__id__":17},"sound":"/Users/jquentin/Documents/CocosHelloWorld/assets/Audio/Banjo/4-g3.wav","fire":{"__id__":19}}],"_color":{"__type__":"cc.Color","r":27,"g":34,"b":105},"_contentSize":{"__type__":"cc.Size","width":186,"height":186},"_position":{"__type__":"cc.Vec2","x":-207,"y":1}},{"__type__":"cc.Node","_name":"Mask","_parent":{"__id__":17},"_children":[{"__id__":19}],"_components":[{"__type__":"cc.Widget","node":{"__id__":18},"_alignFlags":45,"_left":2,"_right":2,"_top":2,"_bottom":2},{"__type__":"cc.Mask","node":{"__id__":18},"_type":2,"_N$spriteFrame":{"__uuid__":"2cNKzUJBtOApg0hzAF2adg"},"_N$alphaThreshold":0}],"_contentSize":{"__type__":"cc.Size","width":182,"height":182}},{"__type__":"cc.Node","_name":"Fire","_parent":{"__id__":18},"_components":[{"__type__":"cc.Widget","node":{"__id__":19},"_alignFlags":45},{"__type__":"cc.Sprite","node":{"__id__":19},"_spriteFrame":{"__uuid__":"casCKuIfpHCqaPkXmsYT6V"},"_sizeMode":0}],"_contentSize":{"__type__":"cc.Size","width":182,"height":182}},{"__type__":"cc.Node","_name":"Button 5","_parent":{"__id__":7},"_children":[{"__id__":21}],"_components":[{"__type__":"cc.Widget","node":{"__id__":20},"_left":860,"_right":-100,"_top":-300.4,"_bottom":339.6,"_originalWidth":200,"_originalHeight":600.8},{"__type__":"cc.Sprite","node":{"__id__":20},"_spriteFrame":{"__uuid__":"2cNKzUJBtOApg0hzAF2adg"},"_type":1,"_sizeMode":0},{"__type__":"cc.Button","node":{"__id__":20},"clickEvents":[{"__type__":"cc.ClickEvent","target":{"__id__":20},"component":"Light","handler":"trigger"}],"_N$target":{"__id__":20}},{"__type__":"54a2c6aUJNMKJYw7lhK0gQ7","node":{"__id__":20},"sound":"/Users/jquentin/Documents/CocosHelloWorld/assets/Audio/Banjo/5-a3.wav","fire":{"__id__":22}}],"_color":{"__type__":"cc.Color","r":27,"g":34,"b":105},"_contentSize":{"__type__":"cc.Size","width":186,"height":186},"_position":{"__type__":"cc.Vec2","x":-1,"y":1}},{"__type__":"cc.Node","_name":"Mask","_parent":{"__id__":20},"_children":[{"__id__":22}],"_components":[{"__type__":"cc.Widget","node":{"__id__":21},"_alignFlags":45,"_left":2,"_right":2,"_top":2,"_bottom":2},{"__type__":"cc.Mask","node":{"__id__":21},"_type":2,"_N$spriteFrame":{"__uuid__":"2cNKzUJBtOApg0hzAF2adg"},"_N$alphaThreshold":0}],"_contentSize":{"__type__":"cc.Size","width":182,"height":182}},{"__type__":"cc.Node","_name":"Fire","_parent":{"__id__":21},"_components":[{"__type__":"cc.Widget","node":{"__id__":22},"_alignFlags":45},{"__type__":"cc.Sprite","node":{"__id__":22},"_spriteFrame":{"__uuid__":"casCKuIfpHCqaPkXmsYT6V"},"_sizeMode":0}],"_contentSize":{"__type__":"cc.Size","width":182,"height":182}},{"__type__":"cc.Node","_name":"Button 6","_parent":{"__id__":7},"_children":[{"__id__":24}],"_components":[{"__type__":"cc.Widget","node":{"__id__":23},"_left":860,"_right":-100,"_top":-300.4,"_bottom":339.6,"_originalWidth":200,"_originalHeight":600.8},{"__type__":"cc.Sprite","node":{"__id__":23},"_spriteFrame":{"__uuid__":"2cNKzUJBtOApg0hzAF2adg"},"_type":1,"_sizeMode":0},{"__type__":"cc.Button","node":{"__id__":23},"clickEvents":[{"__type__":"cc.ClickEvent","target":{"__id__":23},"component":"Light","handler":"trigger"}],"_N$target":{"__id__":23}},{"__type__":"54a2c6aUJNMKJYw7lhK0gQ7","node":{"__id__":23},"sound":"/Users/jquentin/Documents/CocosHelloWorld/assets/Audio/Banjo/6-c4.wav","fire":{"__id__":25}}],"_color":{"__type__":"cc.Color","r":27,"g":34,"b":105},"_contentSize":{"__type__":"cc.Size","width":186,"height":186},"_position":{"__type__":"cc.Vec2","x":205,"y":1}},{"__type__":"cc.Node","_name":"Mask","_parent":{"__id__":23},"_children":[{"__id__":25}],"_components":[{"__type__":"cc.Widget","node":{"__id__":24},"_alignFlags":45,"_left":2,"_right":2,"_top":2,"_bottom":2},{"__type__":"cc.Mask","node":{"__id__":24},"_type":2,"_N$spriteFrame":{"__uuid__":"2cNKzUJBtOApg0hzAF2adg"},"_N$alphaThreshold":0}],"_contentSize":{"__type__":"cc.Size","width":182,"height":182}},{"__type__":"cc.Node","_name":"Fire","_parent":{"__id__":24},"_components":[{"__type__":"cc.Widget","node":{"__id__":25},"_alignFlags":45},{"__type__":"cc.Sprite","node":{"__id__":25},"_spriteFrame":{"__uuid__":"casCKuIfpHCqaPkXmsYT6V"},"_sizeMode":0}],"_contentSize":{"__type__":"cc.Size","width":182,"height":182}},{"__type__":"cc.Node","_name":"Button 7","_parent":{"__id__":7},"_children":[{"__id__":27}],"_components":[{"__type__":"cc.Widget","node":{"__id__":26},"_left":860,"_right":-100,"_top":-300.4,"_bottom":339.6,"_originalWidth":200,"_originalHeight":600.8},{"__type__":"cc.Sprite","node":{"__id__":26},"_spriteFrame":{"__uuid__":"2cNKzUJBtOApg0hzAF2adg"},"_type":1,"_sizeMode":0},{"__type__":"cc.Button","node":{"__id__":26},"clickEvents":[{"__type__":"cc.ClickEvent","target":{"__id__":26},"component":"Light","handler":"trigger"}],"_N$target":{"__id__":26}},{"__type__":"54a2c6aUJNMKJYw7lhK0gQ7","node":{"__id__":26},"sound":"/Users/jquentin/Documents/CocosHelloWorld/assets/Audio/Banjo/7-d4.wav","fire":{"__id__":28}}],"_color":{"__type__":"cc.Color","r":27,"g":34,"b":105},"_contentSize":{"__type__":"cc.Size","width":186,"height":186},"_position":{"__type__":"cc.Vec2","x":-207,"y":-205}},{"__type__":"cc.Node","_name":"Mask","_parent":{"__id__":26},"_children":[{"__id__":28}],"_components":[{"__type__":"cc.Widget","node":{"__id__":27},"_alignFlags":45,"_left":2,"_right":2,"_top":2,"_bottom":2},{"__type__":"cc.Mask","node":{"__id__":27},"_type":2,"_N$spriteFrame":{"__uuid__":"2cNKzUJBtOApg0hzAF2adg"},"_N$alphaThreshold":0}],"_contentSize":{"__type__":"cc.Size","width":182,"height":182}},{"__type__":"cc.Node","_name":"Fire","_parent":{"__id__":27},"_components":[{"__type__":"cc.Widget","node":{"__id__":28},"_alignFlags":45},{"__type__":"cc.Sprite","node":{"__id__":28},"_spriteFrame":{"__uuid__":"casCKuIfpHCqaPkXmsYT6V"},"_sizeMode":0}],"_contentSize":{"__type__":"cc.Size","width":182,"height":182}},{"__type__":"cc.Node","_name":"Button 8","_parent":{"__id__":7},"_children":[{"__id__":30}],"_components":[{"__type__":"cc.Widget","node":{"__id__":29},"_left":860,"_right":-100,"_top":-300.4,"_bottom":339.6,"_originalWidth":200,"_originalHeight":600.8},{"__type__":"cc.Sprite","node":{"__id__":29},"_spriteFrame":{"__uuid__":"2cNKzUJBtOApg0hzAF2adg"},"_type":1,"_sizeMode":0},{"__type__":"cc.Button","node":{"__id__":29},"clickEvents":[{"__type__":"cc.ClickEvent","target":{"__id__":29},"component":"Light","handler":"trigger"}],"_N$target":{"__id__":29}},{"__type__":"54a2c6aUJNMKJYw7lhK0gQ7","node":{"__id__":29},"sound":"/Users/jquentin/Documents/CocosHelloWorld/assets/Audio/Banjo/8-e4.wav","fire":{"__id__":31}}],"_color":{"__type__":"cc.Color","r":27,"g":34,"b":105},"_contentSize":{"__type__":"cc.Size","width":186,"height":186},"_position":{"__type__":"cc.Vec2","x":-1,"y":-205}},{"__type__":"cc.Node","_name":"Mask","_parent":{"__id__":29},"_children":[{"__id__":31}],"_components":[{"__type__":"cc.Widget","node":{"__id__":30},"_alignFlags":45,"_left":2,"_right":2,"_top":2,"_bottom":2},{"__type__":"cc.Mask","node":{"__id__":30},"_type":2,"_N$spriteFrame":{"__uuid__":"2cNKzUJBtOApg0hzAF2adg"},"_N$alphaThreshold":0}],"_contentSize":{"__type__":"cc.Size","width":182,"height":182}},{"__type__":"cc.Node","_name":"Fire","_parent":{"__id__":30},"_components":[{"__type__":"cc.Widget","node":{"__id__":31},"_alignFlags":45},{"__type__":"cc.Sprite","node":{"__id__":31},"_spriteFrame":{"__uuid__":"casCKuIfpHCqaPkXmsYT6V"},"_sizeMode":0}],"_contentSize":{"__type__":"cc.Size","width":182,"height":182}},{"__type__":"cc.Node","_name":"Button 9","_parent":{"__id__":7},"_children":[{"__id__":33}],"_components":[{"__type__":"cc.Widget","node":{"__id__":32},"_left":860,"_right":-100,"_top":-300.4,"_bottom":339.6,"_originalWidth":200,"_originalHeight":600.8},{"__type__":"cc.Sprite","node":{"__id__":32},"_spriteFrame":{"__uuid__":"2cNKzUJBtOApg0hzAF2adg"},"_type":1,"_sizeMode":0},{"__type__":"cc.Button","node":{"__id__":32},"clickEvents":[{"__type__":"cc.ClickEvent","target":{"__id__":32},"component":"Light","handler":"trigger"}],"_N$target":{"__id__":32}},{"__type__":"54a2c6aUJNMKJYw7lhK0gQ7","node":{"__id__":32},"sound":"/Users/jquentin/Documents/CocosHelloWorld/assets/Audio/Banjo/9-g4.wav","fire":{"__id__":34}}],"_color":{"__type__":"cc.Color","r":27,"g":34,"b":105},"_contentSize":{"__type__":"cc.Size","width":186,"height":186},"_position":{"__type__":"cc.Vec2","x":205,"y":-205}},{"__type__":"cc.Node","_name":"Mask","_parent":{"__id__":32},"_children":[{"__id__":34}],"_components":[{"__type__":"cc.Widget","node":{"__id__":33},"_alignFlags":45,"_left":2,"_right":2,"_top":2,"_bottom":2},{"__type__":"cc.Mask","node":{"__id__":33},"_type":2,"_N$spriteFrame":{"__uuid__":"2cNKzUJBtOApg0hzAF2adg"},"_N$alphaThreshold":0}],"_contentSize":{"__type__":"cc.Size","width":182,"height":182}},{"__type__":"cc.Node","_name":"Fire","_parent":{"__id__":33},"_components":[{"__type__":"cc.Widget","node":{"__id__":34},"_alignFlags":45},{"__type__":"cc.Sprite","node":{"__id__":34},"_spriteFrame":{"__uuid__":"casCKuIfpHCqaPkXmsYT6V"},"_sizeMode":0}],"_contentSize":{"__type__":"cc.Size","width":182,"height":182}}],{"__type__":"cc.SpriteFrame","content":{"name":"HelloWorld","texture":"6aoKpq6+5BVaCIpoemqt7E","rect":[0,0,195,270],"offset":[0,0],"originalSize":[195,270]}},{"__type__":"cc.SpriteFrame","content":{"name":"fire","texture":"5fIZtFR35OMJTlbEyMyTHR","rect":[0,0,184,184],"offset":[0,0],"originalSize":[184,184]}}]